match_id,match_date,team_name,team_type,opponent_name,passing_possession_%,passing_total_passes,passing_completed_passes,passing_passing_accuracy,passing_progressive_passes,passing_final_third_passes,passing_penalty_area_passes,passing_crosses_attempted,passing_crosses_completed,passing_cross_success_rate,attacking_total_shots,attacking_shots_on_target,attacking_shots_blocked,attacking_shots_off_target,attacking_xg,attacking_avg_xg_per_shot,attacking_key_passes,defensive_pressures,defensive_high_pressures,defensive_tackles,defensive_interceptions,defensive_ball_recoveries,defensive_blocks,defensive_clearances,defensive_xga,defensive_pressing_success,defensive_aerial_duels_won,defensive_fouls_committed,defensive_yellow_cards,defensive_red_cards,goalkeeper_saves,goalkeeper_shots_faced,goalkeeper_goals_conceded,goalkeeper_clean_sheets,goalkeeper_goals_prevented,goalkeeper_post_shot_xg_conceded,goalkeeper_psxg_plus_minus,goalkeeper_sweeper_actions,transition_counter_attacks,transition_counter_attack_shots,transition_turnovers_to_shots,transition_avg_attack_speed,transition_press_to_attack_conversion,efficiency_goals_scored,efficiency_goals_conceded,efficiency_conversion_rate,efficiency_xg_vs_goals_diff,efficiency_xga_vs_conceded_diff
3857256,02/12/2022,Serbia,home_team,Switzerland,56.8,521,407,78.1,118,114,24,15,5,33.3,10,3,2,4,0.64,0.064,8,94,28,0,5,52,23,9,1.9,21.3,34,21,3,0,2,5,3,0,-1.69,1.31,-1.69,0,2,0,0,0,0,2,3,20,1.36,1.1
3857256,02/12/2022,Switzerland,away_team,Serbia,43.2,445,346,77.8,112,95,27,11,4,36.4,9,5,2,2,1.9,0.211,7,83,20,0,18,40,17,27,0.64,12,34,14,1,0,1,3,2,0,-1.69,0.31,-1.69,0,1,0,0,0,0,3,2,33.3,1.1,1.36
3869151,03/12/2022,Argentina,home_team,Australia,63.5,728,646,88.7,126,135,20,5,1,20,9,3,0,5,0.9,0.1,9,127,50,0,16,47,13,25,0.32,15,33,9,0,0,1,1,0,1,0.23,0.23,0.23,0,1,0,0,0,1.5,2,0,22.2,1.1,-0.32
3869151,03/12/2022,Australia,away_team,Argentina,36.5,478,384,80.3,108,65,22,8,3,37.5,3,1,2,0,0.32,0.105,3,216,50,0,9,42,23,11,0.9,10.6,30,18,0,0,1,3,2,0,-1.61,0.39,-1.61,0,0,0,0,0,2.4,0,2,0,-0.32,1.1
3857257,30/11/2022,Australia,home_team,Denmark,32.5,350,219,62.6,85,92,23,6,1,16.7,8,4,3,1,0.47,0.059,6,101,23,0,11,39,28,29,0.36,20.8,40,12,0,0,1,1,0,1,0.09,0.09,0.09,0,4,0,0,0,1.7,1,0,12.5,0.53,-0.36
3857257,30/11/2022,Denmark,away_team,Australia,67.5,715,590,82.5,163,171,46,19,3,15.8,6,1,2,3,0.36,0.06,11,101,33,0,12,49,22,27,0.47,22.8,50,10,0,0,3,4,1,0,-0.83,0.17,-0.83,0,3,0,0,0,3,0,1,0,-0.36,0.53
3857258,24/11/2022,Brazil,home_team,Serbia,60.4,618,539,87.2,151,178,40,16,2,12.5,15,6,2,5,1.31,0.087,12,102,34,0,8,56,16,22,0.16,10.8,39,8,0,0,0,0,0,1,0,0,0,0,0,0,0,0,3.9,1,0,6.7,-0.31,-0.16
3857258,24/11/2022,Serbia,away_team,Brazil,39.6,446,351,78.7,90,78,17,8,1,12.5,5,0,2,3,0.16,0.033,3,147,28,0,11,36,19,19,1.31,10.2,33,11,1,0,5,6,1,0,-0.26,0.74,-0.26,0,4,0,0,0,1.4,0,1,0,-0.16,-0.31
3857288,26/11/2022,Tunisia,home_team,Australia,58.7,548,406,74.1,123,124,39,16,5,31.2,12,2,6,4,0.98,0.081,10,121,29,0,8,73,27,35,0.28,24,53,15,0,0,0,1,1,0,-0.96,0.04,-0.96,0,0,0,0,0,2.9,0,1,0,-0.98,0.72
3857288,26/11/2022,Australia,away_team,Tunisia,41.3,404,274,67.8,96,113,31,15,3,20,7,1,2,2,0.28,0.04,5,127,28,0,11,45,35,34,0.98,15.7,53,16,0,0,2,2,0,1,0.1,0.1,0.1,0,2,0,0,0,1.3,1,0,14.3,0.72,-0.98
3857267,29/11/2022,Ecuador,home_team,Senegal,56.9,465,362,77.8,108,88,21,9,4,44.4,5,3,0,2,0.21,0.042,5,113,19,0,9,41,19,29,1.65,15.9,39,23,0,0,1,3,2,0,-0.95,1.05,-0.95,0,2,0,0,0,0,0,2,0,-0.21,0.35
3857267,29/11/2022,Senegal,away_team,Ecuador,43.1,311,213,68.5,79,91,30,12,5,41.7,11,3,3,5,1.65,0.15,6,126,20,0,7,58,14,39,0.21,12.7,31,10,0,0,3,3,0,1,0.11,0.11,0.11,0,2,0,0,0,0,2,0,18.2,0.35,-0.21
3869321,09/12/2022,Netherlands,home_team,Argentina,50.3,691,572,82.8,196,115,25,14,2,14.3,7,2,3,2,0.57,0.081,4,216,41,0,24,49,12,27,1.94,6.9,33,37,5,0,3,5,2,0,-0.62,1.38,-0.62,0,0,0,0,0,0,2,2,28.6,1.43,0.06
3869321,09/12/2022,Argentina,away_team,Netherlands,49.7,640,531,83,134,145,35,6,2,33.3,14,5,4,4,1.94,0.139,10,190,35,0,10,48,16,27,0.57,10.5,43,22,4,0,0,2,2,0,-1.73,0.27,-1.73,0,2,0,0,0,3.4,2,2,14.3,0.06,1.43
3857287,24/11/2022,Uruguay,home_team,South Korea,53.8,570,475,83.3,121,115,30,13,5,38.5,8,1,1,4,0.37,0.046,8,102,16,0,17,37,20,31,0.49,8.8,40,7,0,0,0,0,0,1,0,0,0,0,0,0,0,0,0,0,0,0,-0.37,-0.49
3857287,24/11/2022,South Korea,away_team,Uruguay,46.2,463,351,75.8,92,149,29,7,1,14.3,7,0,1,5,0.49,0.07,7,103,38,0,13,42,11,20,0.37,13.6,47,11,0,0,1,1,0,1,0.05,0.05,0.05,0,2,0,0,0,0,0,0,0,-0.49,-0.37
3869486,10/12/2022,Morocco,home_team,Portugal,25.2,249,184,73.9,67,24,8,4,2,50,7,2,0,5,0.88,0.125,7,163,15,0,15,50,25,35,0.74,14.7,28,18,0,0,3,3,0,1,0.18,0.18,0.18,0,1,0,0,0,0,1,0,14.3,0.12,-0.74
3869486,10/12/2022,Portugal,away_team,Morocco,74.8,731,616,84.3,163,171,50,20,5,25,12,3,3,4,0.74,0.062,10,79,41,0,4,45,8,3,0.88,12.7,26,9,0,0,1,2,1,0,-0.41,0.59,-0.41,0,1,0,0,0,5.7,0,1,0,-0.74,0.12
3869685,18/12/2022,Argentina,home_team,France,55.8,693,560,80.8,164,164,49,17,6,35.3,15,8,2,4,1.81,0.12,14,167,31,0,13,59,26,26,2,16.8,50,29,0,0,1,4,3,0,-1.24,1.76,-1.24,0,0,0,0,0,3.4,2,3,13.3,0.19,1
3869685,18/12/2022,France,away_team,Argentina,44.2,570,434,76.1,126,100,26,9,1,11.1,9,4,3,2,2,0.222,3,194,45,0,15,56,24,19,1.81,12.4,48,19,1,0,6,8,2,0,-0.68,1.32,-0.68,0,1,0,0,0,1.1,3,2,33.3,1,0.19
3857260,30/11/2022,Saudi Arabia,home_team,Mexico,38.6,322,194,60.2,77,79,19,6,2,33.3,10,2,1,7,1.08,0.108,6,129,16,0,15,57,28,30,1.59,20.2,37,21,0,0,6,7,1,0,-0.41,0.59,-0.41,1,0,0,0,0,2.5,1,1,10,-0.08,-0.59
3857260,30/11/2022,Mexico,away_team,Saudi Arabia,61.4,488,367,75.2,126,110,37,16,3,18.8,17,7,3,5,1.59,0.094,14,139,29,0,15,64,19,21,1.08,13.7,34,18,0,0,1,2,1,0,-0.46,0.54,-0.46,0,1,0,0,0,2.6,1,1,5.9,-0.59,-0.08
3857264,30/11/2022,Poland,home_team,Argentina,26.5,337,267,79.2,67,31,6,3,3,100,4,0,2,1,0.2,0.049,4,105,11,0,10,24,17,32,2.34,10.5,32,9,0,0,9,11,2,0,-0.22,1.78,-0.22,0,1,0,0,0,0,0,2,0,-0.2,-0.34
3857264,30/11/2022,Argentina,away_team,Poland,73.5,909,826,90.9,189,280,61,19,4,21.1,18,11,2,4,2.34,0.13,14,88,21,0,7,53,12,7,0.2,23.9,27,12,0,0,0,0,0,1,0,0,0,0,0,0,0,0,7.8,2,0,11.1,-0.34,-0.2
3857266,26/11/2022,France,home_team,Denmark,50.9,540,464,85.9,137,107,31,18,11,61.1,18,5,6,5,1.82,0.101,17,109,12,0,15,38,19,17,0.55,12.8,41,4,0,0,1,1,0,1,0.19,0.19,0.19,0,0,0,0,0,6.9,2,0,11.1,0.18,-0.55
3857266,26/11/2022,Denmark,away_team,France,49.1,567,479,84.5,135,138,41,9,2,22.2,8,1,2,4,0.55,0.069,6,126,40,0,11,36,14,17,1.82,13.5,41,11,0,0,3,5,2,0,-1.42,0.58,-1.42,0,0,0,0,0,1.5,0,2,0,-0.55,0.18
3857289,26/11/2022,Argentina,home_team,Mexico,59.6,567,476,84,122,122,18,11,3,27.3,5,2,0,3,0.33,0.065,2,109,25,0,5,34,17,20,0.21,11,38,15,0,0,1,1,0,1,0.06,0.06,0.06,0,2,0,0,0,0,2,0,40,1.67,-0.21
3857289,26/11/2022,Mexico,away_team,Argentina,40.4,403,304,75.4,78,84,15,11,4,36.4,4,1,1,2,0.21,0.052,2,147,22,0,16,34,10,15,0.33,8.8,39,21,0,0,0,2,2,0,-1.93,0.07,-1.93,0,0,0,0,0,1.5,0,2,0,-0.21,1.67
3857269,28/11/2022,Brazil,home_team,Switzerland,55.8,597,507,84.9,119,181,47,18,2,11.1,11,4,5,0,0.85,0.078,9,104,40,0,14,55,17,11,0.2,26,32,10,0,0,0,0,0,1,0,0,0,0,2,0,0,0,4.9,1,0,9.1,0.15,-0.2
3857269,28/11/2022,Switzerland,away_team,Brazil,44.2,513,428,83.4,101,69,18,5,0,0,4,0,2,1,0.2,0.049,5,112,16,0,8,41,14,27,0.85,13.4,33,18,0,0,3,4,1,0,-0.67,0.33,-0.67,0,1,0,0,0,0,0,1,0,-0.2,0.15
3857294,29/11/2022,Netherlands,home_team,Qatar,62.1,832,747,89.8,178,228,23,7,1,14.3,5,0,1,3,0.19,0.038,7,137,47,0,4,33,16,8,0.14,6.6,25,19,0,0,3,3,0,1,0.07,0.07,0.07,0,1,0,0,0,1.8,0,0,0,-0.19,-0.14
3857294,29/11/2022,Qatar,away_team,Netherlands,37.9,486,396,81.5,86,100,23,13,3,23.1,5,3,0,2,0.14,0.029,3,127,11,0,12,48,13,11,0.19,12.6,26,8,0,0,0,0,0,1,0,0,0,0,2,0,0,0,1.6,0,0,0,-0.14,-0.19
3869254,06/12/2022,Portugal,home_team,Switzerland,47,488,404,82.8,104,87,24,9,3,33.3,13,7,3,1,2.18,0.168,7,172,49,0,10,33,17,16,0.95,5.2,28,14,0,0,1,2,1,0,-0.31,0.69,-0.31,0,2,0,0,0,1.3,6,1,46.2,3.82,0.05
3869254,06/12/2022,Switzerland,away_team,Portugal,53,528,438,83,113,111,32,6,0,0,8,2,4,1,0.95,0.119,6,106,32,0,9,29,14,15,2.18,12.3,20,15,0,0,1,7,6,0,-4.11,1.89,-4.11,1,1,0,0,0,0,1,6,12.5,0.05,3.82
3869118,04/12/2022,England,home_team,Senegal,62.2,626,536,85.6,140,116,30,12,4,33.3,8,4,0,4,1.02,0.128,5,95,23,0,15,37,16,11,0.97,10.5,36,16,0,0,1,1,0,1,0.04,0.04,0.04,0,2,2,2,0,1.8,3,0,37.5,1.98,-0.97
3869118,04/12/2022,Senegal,away_team,England,37.8,408,323,79.2,90,73,23,8,3,37.5,10,1,4,5,0.97,0.097,6,137,31,0,9,36,20,21,1.02,8.8,25,13,0,0,1,4,3,0,-2.43,0.57,-2.43,0,0,0,0,0,0,0,3,0,-0.97,1.98
3869684,17/12/2022,Croatia,home_team,Morocco,50.1,528,439,83.1,133,95,30,12,2,16.7,10,3,2,5,0.6,0.06,6,113,34,0,8,40,13,19,0.99,10.6,26,14,0,0,1,2,1,0,-0.42,0.58,-0.42,0,3,0,0,0,1.5,2,1,20,1.4,0.01
3869684,17/12/2022,Morocco,away_team,Croatia,49.9,512,431,84.2,117,101,19,13,4,30.8,9,2,2,5,0.99,0.11,7,144,33,0,16,44,15,16,0.6,12.5,25,15,2,0,1,3,2,0,-1.79,0.21,-1.79,1,2,0,0,0,2.7,1,2,11.1,0.01,1.4
3869519,13/12/2022,Argentina,home_team,Croatia,40,432,358,82.9,79,86,17,4,1,25,9,7,1,1,1.86,0.207,6,192,38,0,8,40,23,18,0.31,8.3,34,20,1,0,2,2,0,1,0.05,0.05,0.05,0,2,1,1,0,2.4,3,0,33.3,1.14,-0.31
3869519,13/12/2022,Croatia,away_team,Argentina,60,648,559,86.3,135,152,28,12,3,25,10,2,2,6,0.31,0.031,10,98,16,0,12,50,12,8,1.86,10.2,29,10,1,0,4,7,3,0,-1.3,1.7,-1.3,1,0,0,0,0,0,0,3,0,-0.31,1.14
3869354,10/12/2022,England,home_team,France,59,554,465,83.9,116,125,32,14,2,14.3,14,6,4,3,2.06,0.147,11,112,30,0,9,42,8,11,0.84,11.6,43,10,0,0,3,5,2,0,-1.34,0.66,-1.34,0,1,0,0,0,1.6,1,2,7.1,-1.06,1.16
3869354,10/12/2022,France,away_team,England,41,412,328,79.6,87,116,22,9,6,66.7,8,5,1,2,0.84,0.105,6,118,18,0,7,34,14,17,2.06,9.3,31,15,0,0,5,6,1,0,0,1,0,0,3,0,0,0,1.8,2,1,25,1.16,-1.06
3869552,14/12/2022,France,home_team,Morocco,38.7,387,316,81.7,87,50,14,3,1,33.3,6,0,2,3,0.39,0.065,11,190,31,0,20,42,20,19,0.4,10,33,14,0,0,1,1,0,1,0.02,0.02,0.02,0,1,0,0,0,1.3,0,0,0,-0.39,-0.4
3869552,14/12/2022,Morocco,away_team,France,61.3,615,529,86,159,122,29,15,2,13.3,6,1,1,2,0.4,0.066,6,118,25,0,4,53,11,12,0.39,21.2,38,14,0,0,0,0,0,1,0,0,0,0,1,0,0,0,4.6,0,0,0,-0.4,-0.39
3869420,09/12/2022,Croatia,home_team,Brazil,50.5,737,639,86.7,174,142,27,15,5,33.3,9,1,3,4,0.63,0.07,8,151,23,0,14,48,22,34,1.31,13.9,48,23,1,0,8,9,1,0,0.03,1.03,0.03,1,3,0,0,0,0,1,1,11.1,0.37,-0.31
3869420,09/12/2022,Brazil,away_team,Croatia,49.5,747,652,87.3,173,204,39,15,5,33.3,15,9,3,2,1.31,0.087,14,164,48,0,8,57,29,13,0.63,9.1,36,25,0,0,0,1,1,0,-0.9,0.1,-0.9,0,2,1,1,0,2.4,1,1,6.7,-0.31,0.37
3869220,06/12/2022,Morocco,home_team,Spain,26.2,365,250,68.5,89,46,17,7,4,57.1,6,2,0,3,0.57,0.095,4,177,24,0,18,51,20,35,0.35,10.2,41,19,0,0,1,1,0,1,0.01,0.01,0.01,0,2,0,0,0,4.4,0,0,0,-0.57,-0.35
3869220,06/12/2022,Spain,away_team,Morocco,73.8,1068,960,89.9,220,258,41,21,5,23.8,10,1,4,4,0.35,0.035,8,152,68,0,9,50,18,10,0.57,17.8,29,14,0,0,2,2,0,1,0.15,0.15,0.15,0,1,0,0,0,2.3,0,0,0,-0.35,-0.57
3869219,05/12/2022,Japan,home_team,Croatia,41.2,582,436,74.9,116,144,39,18,3,16.7,7,2,0,3,0.82,0.118,7,133,30,0,21,70,31,34,0.31,21.8,51,13,0,0,2,3,1,0,-0.89,0.11,-0.89,0,3,0,0,0,1.4,1,1,14.3,0.18,0.69
3869219,05/12/2022,Croatia,away_team,Japan,58.8,796,657,82.5,184,189,52,24,8,33.3,8,3,1,4,0.31,0.039,8,150,47,0,10,62,34,43,0.82,16.7,41,16,0,0,1,2,1,0,-0.52,0.48,-0.52,0,0,0,0,0,3.4,1,1,12.5,0.69,0.18
3869253,05/12/2022,Brazil,home_team,South Korea,54.3,641,566,88.3,140,147,38,11,4,36.4,12,7,2,3,2.37,0.198,10,103,25,0,8,42,16,10,0.3,15.5,32,8,0,0,4,5,1,0,-0.76,0.24,-0.76,0,2,0,0,0,3.6,3,1,25,0.63,0.7
3869253,05/12/2022,South Korea,away_team,Brazil,45.7,555,476,85.8,120,153,32,9,1,11.1,6,5,0,1,0.3,0.05,5,175,46,0,22,38,21,15,2.37,8.6,27,12,0,0,4,7,3,0,-0.78,2.22,-0.78,0,0,0,0,0,0,1,3,16.7,0.7,0.63
3869152,04/12/2022,France,home_team,Poland,55.6,593,505,85.2,127,178,41,15,4,26.7,14,7,2,3,1.08,0.077,8,117,24,0,15,38,18,12,1.17,13.7,21,11,0,0,0,1,1,0,-0.22,0.78,-0.22,0,1,0,0,0,1.7,3,1,21.4,1.92,-0.17
3869152,04/12/2022,Poland,away_team,France,44.4,488,406,83.2,109,93,26,15,7,46.7,9,1,4,2,1.17,0.13,5,120,37,0,8,45,16,22,1.08,15,38,10,0,0,4,7,3,0,-2.43,0.57,-2.43,0,1,0,0,0,1.7,1,3,11.1,-0.17,1.92
3869117,03/12/2022,Netherlands,home_team,United States,39.5,439,332,75.6,108,75,19,9,4,44.4,6,3,0,3,0.98,0.163,7,138,22,0,7,36,34,35,1.29,12.3,39,11,0,0,4,5,1,0,-0.22,0.78,-0.22,0,1,0,0,0,1.4,3,1,50,2.02,-0.29
3869117,03/12/2022,United States,away_team,Netherlands,60.5,618,499,80.7,137,183,57,18,4,22.2,15,5,5,3,1.29,0.086,13,103,31,0,15,67,17,11,0.98,17.5,31,5,0,0,0,3,3,0,-2.35,0.65,-2.35,0,1,0,0,0,3.7,1,3,6.7,-0.29,2.02
3857270,28/11/2022,Portugal,home_team,Uruguay,61.9,626,525,83.9,122,158,31,9,5,55.6,13,3,4,4,1.16,0.089,11,86,17,0,7,48,22,31,1.22,16.3,26,11,1,0,3,3,0,1,0.78,0.78,0.78,0,3,0,0,0,3.6,2,0,15.4,0.84,-1.22
3857270,28/11/2022,Uruguay,away_team,Portugal,38.1,438,324,74,91,101,20,12,4,33.3,11,3,1,5,1.22,0.111,10,125,34,0,9,37,27,12,1.16,13.6,31,16,1,0,1,3,2,0,-1.18,0.82,-1.18,0,1,0,0,0,1.3,0,2,0,-1.22,0.84
3857263,27/11/2022,Spain,home_team,Germany,61.7,663,578,87.2,140,92,33,8,4,50,7,2,2,2,0.64,0.091,6,124,39,0,12,38,15,16,0.46,9.7,22,14,0,0,2,3,1,0,-0.73,0.27,-0.73,0,1,0,0,0,0,1,1,14.3,0.36,0.54
3857263,27/11/2022,Germany,away_team,Spain,38.3,371,291,78.4,82,80,28,8,1,12.5,8,3,2,3,0.46,0.057,7,158,61,0,19,45,21,15,0.64,9.5,40,15,0,0,1,2,1,0,-0.67,0.33,-0.67,0,2,0,0,0,0,1,1,12.5,0.54,0.36
3857259,28/11/2022,Cameroon,home_team,Serbia,44.2,395,276,69.9,88,97,33,13,2,15.4,9,6,2,1,0.94,0.105,7,118,29,0,20,51,15,23,1.71,13.6,31,9,1,0,2,5,3,0,-1.83,1.17,-1.83,0,3,0,0,0,0,2,3,22.2,1.06,1.29
3857259,28/11/2022,Serbia,away_team,Cameroon,55.8,536,428,79.9,130,140,47,19,5,26.3,13,5,2,5,1.71,0.131,7,119,29,0,9,50,24,33,0.94,11.8,37,16,1,0,4,6,2,0,-1.18,0.82,-1.18,0,2,0,0,0,4.5,3,2,23.1,1.29,1.06
3857295,27/11/2022,Japan,home_team,Costa Rica,56.3,619,527,85.1,137,150,24,10,1,10,5,1,1,1,0.25,0.05,7,146,52,0,8,47,13,9,0.13,11.6,26,24,0,0,0,1,1,0,-0.88,0.12,-0.88,0,1,0,0,0,0,0,1,0,-0.25,0.87
3857295,27/11/2022,Costa Rica,away_team,Japan,43.7,470,374,79.6,85,34,4,3,0,0,2,1,0,0,0.13,0.067,1,161,11,0,12,56,22,23,0.25,17.4,37,13,0,0,1,1,0,1,0.09,0.09,0.09,0,2,0,0,0,0,1,0,50,0.87,-0.25
3857283,27/11/2022,Belgium,home_team,Morocco,66.2,703,604,85.9,164,113,29,8,1,12.5,8,3,2,3,0.57,0.071,8,107,23,0,2,41,3,6,0.99,15,33,10,0,0,2,4,2,0,-1.19,0.81,-1.19,0,0,0,0,0,1.7,0,2,0,-0.57,1.01
3857283,27/11/2022,Morocco,away_team,Belgium,33.8,347,287,82.7,82,56,11,9,4,44.4,10,4,0,6,0.99,0.099,8,161,35,0,8,35,26,22,0.57,13.7,35,16,0,0,3,3,0,1,0.25,0.25,0.25,0,0,0,0,0,0,2,0,20,1.01,-0.57
3857284,23/11/2022,Germany,home_team,Japan,74.7,826,723,87.5,192,239,60,19,7,36.8,18,4,4,8,1.92,0.107,19,86,46,0,3,56,23,8,0.4,24.4,29,7,0,0,0,1,1,0,-0.97,0.03,-0.97,0,2,1,1,0,3.5,1,1,5.6,-0.92,0.6
3857284,23/11/2022,Japan,away_team,Germany,25.3,294,215,73.1,72,56,16,5,3,60,8,1,4,3,0.4,0.05,8,184,38,0,8,28,30,41,1.92,5.4,48,15,0,0,3,4,1,0,-0.09,0.91,-0.09,1,2,1,1,0,0,1,1,12.5,0.6,-0.92
3857282,21/11/2022,United States,home_team,Wales,58.1,610,520,85.2,143,141,35,18,3,16.7,6,1,1,3,0.6,0.1,4,137,45,0,13,45,21,24,1.4,15.3,32,17,0,0,2,3,1,0,0.01,1.01,0.01,0,1,1,1,0,4.2,1,1,16.7,0.4,-0.4
3857282,21/11/2022,Wales,away_team,United States,41.9,443,339,76.5,107,75,26,11,4,36.4,7,3,1,3,1.4,0.199,5,128,19,0,10,53,23,29,0.6,16.4,40,10,0,0,0,1,1,0,-0.8,0.2,-0.8,0,1,0,0,0,1.3,1,1,14.3,-0.4,0.4
3857286,20/11/2022,Qatar,home_team,Ecuador,47.2,468,382,81.6,93,53,9,4,3,75,5,0,0,5,0.3,0.061,5,99,15,0,5,33,11,21,1.15,12.1,24,17,0,0,1,3,2,0,-1.05,0.95,-1.05,1,3,0,0,0,0,0,2,0,-0.3,0.85
3857286,20/11/2022,Ecuador,away_team,Qatar,52.8,519,432,83.2,101,86,26,7,3,42.9,6,3,0,3,1.15,0.192,3,134,39,0,8,34,21,4,0.3,8.2,33,14,0,0,0,0,0,1,0,0,0,0,1,1,1,0,2.7,2,0,33.3,0.85,-0.3
3857301,25/11/2022,Qatar,home_team,Senegal,43.7,452,362,80.1,112,66,30,13,7,53.8,10,3,3,4,0.96,0.096,7,149,33,0,10,41,16,24,0.9,12.8,34,11,0,0,1,4,3,0,-2.58,0.42,-2.58,0,2,0,0,0,2.6,1,3,10,0.04,2.1
3857301,25/11/2022,Senegal,away_team,Qatar,56.3,547,462,84.5,134,151,30,12,2,16.7,12,4,2,5,0.9,0.075,7,137,45,0,6,50,14,19,0.96,17.5,23,13,0,0,2,3,1,0,-0.39,0.61,-0.39,0,3,0,0,0,1.2,3,1,25,2.1,0.04
3857300,22/11/2022,Argentina,home_team,Saudi Arabia,68.3,646,542,83.9,130,130,46,20,7,35,11,5,1,4,1.39,0.126,10,107,21,0,11,44,19,18,0.08,14,23,7,0,0,0,1,1,0,-0.92,0.08,-0.92,0,0,0,0,0,1.7,1,1,9.1,-0.39,0.92
3857300,22/11/2022,Saudi Arabia,away_team,Argentina,31.7,286,197,68.9,52,75,28,5,1,20,1,1,0,0,0.08,0.081,0,141,24,0,21,49,13,29,1.39,12.1,38,22,4,0,4,5,1,0,0.14,1.14,0.14,0,1,0,0,0,1.5,1,1,100,0.92,-0.39
3857299,28/11/2022,South Korea,home_team,Ghana,63.9,605,499,82.5,149,212,64,28,13,46.4,12,5,3,3,0.81,0.067,12,126,35,0,5,59,15,17,0.92,19,35,15,0,0,0,2,2,0,-1.4,0.6,-1.4,0,0,0,0,0,1.7,2,2,16.7,1.19,1.08
3857299,28/11/2022,Ghana,away_team,South Korea,36.1,340,266,78.2,64,83,16,9,3,33.3,5,2,0,3,0.92,0.184,2,126,12,0,9,42,30,56,0.81,11.1,45,10,0,0,3,5,2,0,-1.48,0.52,-1.48,0,0,0,0,0,0,2,2,40,1.08,1.19
3857298,24/11/2022,Portugal,home_team,Ghana,59.9,665,576,86.6,156,170,40,13,3,23.1,11,5,3,3,2.1,0.191,6,110,46,0,3,39,12,18,0.78,8.2,31,15,0,0,1,3,2,0,-1.34,0.66,-1.34,1,1,0,0,0,1.5,3,2,27.3,0.9,1.22
3857298,24/11/2022,Ghana,away_team,Portugal,40.1,415,336,81,86,48,11,7,1,14.3,9,3,1,5,0.78,0.087,6,140,22,0,12,46,16,13,2.1,7.1,47,20,1,0,2,5,3,0,-1.34,1.66,-1.34,0,1,0,0,0,2.9,2,3,22.2,1.22,0.9
3857297,26/11/2022,Poland,home_team,Saudi Arabia,36.6,337,259,76.9,77,84,29,11,7,63.6,9,3,2,1,1.73,0.193,6,103,22,0,12,32,17,29,0.58,10.7,31,18,0,0,2,2,0,1,0.08,0.08,0.08,0,0,0,0,0,4.9,2,0,22.2,0.27,-0.58
3857297,26/11/2022,Saudi Arabia,away_team,Poland,63.4,582,489,84,133,200,48,14,4,28.6,11,2,2,6,0.58,0.053,10,123,33,0,5,52,17,17,1.73,16.3,38,16,1,0,1,3,2,0,-0.87,1.13,-0.87,0,0,0,0,0,1.4,0,2,0,-0.58,0.27
3857296,01/12/2022,Croatia,home_team,Belgium,49.6,609,514,84.4,147,174,64,22,8,36.4,3,1,0,2,0.13,0.043,9,164,44,0,12,49,15,26,1.55,9.8,22,11,0,0,3,3,0,1,0.7,0.7,0.7,0,0,0,0,0,0,0,0,0,-0.13,-1.55
3857296,01/12/2022,Belgium,away_team,Croatia,50.4,630,543,86.2,138,113,30,17,5,29.4,12,3,4,3,1.55,0.129,11,119,22,0,12,37,22,30,0.13,6.7,24,10,0,0,1,1,0,1,0.07,0.07,0.07,0,4,0,0,0,0,0,0,0,-1.55,-0.13
3857293,02/12/2022,Ghana,home_team,Uruguay,53.3,493,384,77.9,122,135,28,8,1,12.5,9,4,2,3,1.39,0.155,5,146,38,0,6,61,25,26,0.64,18.5,51,21,0,0,2,3,1,0,-0.76,0.24,-0.76,0,0,0,0,0,2.6,0,1,0,-1.39,0.36
3857293,02/12/2022,Uruguay,away_team,Ghana,46.7,469,364,77.6,114,116,28,11,3,27.3,8,3,1,4,0.64,0.08,8,147,28,0,10,49,23,30,1.39,15,44,11,4,0,4,4,0,1,0.99,0.99,0.99,1,2,1,1,0,2.5,1,0,12.5,0.36,-1.39
3857292,01/12/2022,Costa Rica,home_team,Germany,33.9,374,284,75.9,96,56,18,10,3,30,3,2,0,1,0.36,0.121,4,125,11,0,15,48,21,37,3.27,11.2,38,4,0,0,5,9,4,0,-1.91,2.09,-1.91,0,10,0,0,0,1.5,0,4,0,-0.36,0.73
3857292,01/12/2022,Germany,away_team,Costa Rica,66.1,766,669,87.3,205,293,56,20,10,50,21,9,3,7,3.27,0.156,21,140,55,0,11,57,16,8,0.36,15.7,28,9,0,0,2,2,0,1,0.33,0.33,0.33,0,1,0,0,0,5.6,4,0,19,0.73,-0.36
3857291,23/11/2022,Spain,home_team,Costa Rica,81.6,1090,1009,92.6,239,239,43,13,3,23.1,17,8,2,7,2.76,0.162,9,80,32,0,7,45,14,5,0,25,29,8,0,0,0,0,0,1,0,0,0,0,0,0,0,0,6,7,0,41.2,4.24,0
3857291,23/11/2022,Costa Rica,away_team,Spain,18.4,250,172,68.8,59,30,5,5,1,20,0,0,0,0,0,0,0,149,20,0,9,29,20,21,2.76,10.1,38,14,0,0,1,8,7,0,-4.94,2.06,-4.94,1,2,0,0,0,0,0,7,0,0,4.24
3857290,24/11/2022,Switzerland,home_team,Cameroon,50,549,461,84,125,127,35,13,3,23.1,7,3,1,3,1.43,0.204,6,143,48,0,8,33,8,28,0.44,7,29,14,0,0,4,4,0,1,0.39,0.39,0.39,0,2,0,0,0,1.5,1,0,14.3,-0.43,-0.44
3857290,24/11/2022,Cameroon,away_team,Switzerland,50,533,440,82.6,122,120,26,14,2,14.3,6,4,1,1,0.44,0.073,5,145,35,0,15,52,15,19,1.43,13.8,33,10,0,0,2,3,1,0,-0.2,0.8,-0.2,0,1,0,0,0,0,0,1,0,-0.44,-0.43
3857285,21/11/2022,Senegal,home_team,Netherlands,49.4,430,344,80,86,150,52,12,7,58.3,13,4,3,5,0.64,0.049,13,112,16,0,9,49,13,34,0.67,15.2,35,13,0,0,0,1,1,0,-0.71,0.29,-0.71,0,2,0,0,0,1.6,0,1,0,-0.64,0.33
3857285,21/11/2022,Netherlands,away_team,Senegal,50.6,491,393,80,107,123,40,17,6,35.3,8,1,3,4,0.67,0.084,7,104,30,0,11,31,15,16,0.64,14.4,29,16,0,0,4,4,0,1,0.12,0.12,0.12,0,1,0,0,0,3.2,1,0,12.5,0.33,-0.64
3857281,27/11/2022,Croatia,home_team,Canada,48.4,507,411,81.1,113,142,56,21,6,28.6,11,8,0,2,2.27,0.207,8,166,49,0,17,40,16,18,0.23,10.2,45,15,1,0,1,2,1,0,-0.87,0.13,-0.87,0,1,0,0,0,1.2,4,1,36.4,1.73,0.77
3857281,27/11/2022,Canada,away_team,Croatia,51.6,529,437,82.6,130,120,31,12,4,33.3,6,2,2,2,0.23,0.038,3,133,30,0,10,57,19,29,2.27,17.3,22,6,1,0,4,8,4,0,-1.94,2.06,-1.94,0,3,0,0,0,4.2,1,4,16.7,0.77,1.73
3857280,02/12/2022,Cameroon,home_team,Brazil,36,333,254,76.3,85,64,17,6,2,33.3,7,3,1,2,0.38,0.055,6,140,34,0,11,40,16,25,2.04,11.4,29,17,0,0,8,8,0,1,0.81,0.81,0.81,0,2,0,0,0,1.4,1,0,14.3,0.62,-2.04
3857280,02/12/2022,Brazil,away_team,Cameroon,64,593,512,86.3,146,160,51,18,8,44.4,19,8,3,8,2.04,0.108,16,132,31,0,4,57,10,13,0.38,22.7,34,15,0,0,2,3,1,0,-0.79,0.21,-0.79,0,0,0,0,0,3,0,1,0,-2.04,0.62
3857279,22/11/2022,France,home_team,Australia,61.5,763,680,89.1,146,193,48,25,14,56,15,6,4,4,2.47,0.164,15,83,26,0,11,44,13,11,0.32,10.8,28,4,0,0,0,1,1,0,-0.81,0.19,-0.81,0,0,0,0,0,2,4,1,26.7,1.53,0.68
3857279,22/11/2022,Australia,away_team,France,38.5,475,394,82.9,101,60,14,6,3,50,4,1,0,2,0.32,0.081,1,105,24,0,11,46,24,21,2.47,20,29,14,0,0,2,6,4,0,-2.62,1.38,-2.62,0,0,0,0,0,1.7,1,4,25,0.68,1.53
3857278,29/11/2022,Iran,home_team,United States,47.5,515,402,78.1,130,95,24,14,3,21.4,4,1,0,3,0.92,0.23,4,150,30,0,11,45,22,11,1.01,15.3,41,21,1,0,3,4,1,0,-0.27,0.73,-0.27,0,5,1,1,0,0,0,1,0,-0.92,-0.01
3857278,29/11/2022,United States,away_team,Iran,52.5,517,426,82.4,132,143,42,11,2,18.2,10,4,2,3,1.01,0.101,8,140,35,0,8,60,12,31,0.92,17.9,37,13,0,0,1,1,0,1,0.31,0.31,0.31,0,2,0,0,0,2.9,1,0,10,-0.01,-0.92
3857277,23/11/2022,Morocco,home_team,Croatia,36.7,384,301,78.4,84,65,15,3,0,0,6,1,5,0,0.24,0.04,5,168,30,0,15,55,23,22,0.71,13.1,36,18,0,0,1,1,0,1,0.45,0.45,0.45,0,0,0,0,0,5.3,0,0,0,-0.24,-0.71
3857277,23/11/2022,Croatia,away_team,Morocco,63.3,686,577,84.1,139,111,34,10,2,20,3,1,1,1,0.71,0.236,1,107,29,0,12,43,18,9,0.24,12.1,37,12,0,0,1,1,0,1,0.02,0.02,0.02,0,0,0,0,0,2.9,0,0,0,-0.71,-0.24
3857276,01/12/2022,Canada,home_team,Morocco,61.2,562,480,85.4,128,102,17,9,2,22.2,3,0,1,2,0.37,0.123,4,135,54,0,10,52,13,12,0.43,14.1,21,16,0,0,0,2,2,0,-1.87,0.13,-1.87,0,0,0,0,0,1.4,0,2,0,-0.37,1.57
3857276,01/12/2022,Morocco,away_team,Canada,38.8,393,310,78.9,88,53,18,5,1,20,7,2,2,1,0.43,0.061,2,154,25,0,13,41,14,29,0.37,13,42,15,0,0,0,0,0,1,0,0,0,0,0,0,0,0,1.4,2,0,28.6,1.57,-0.37
3857275,30/11/2022,Tunisia,home_team,France,36.1,361,275,76.2,96,85,38,15,5,33.3,5,3,0,2,0.3,0.06,2,110,24,0,13,54,22,34,0.31,12.7,44,16,0,0,1,1,0,1,0.01,0.01,0.01,0,1,0,0,0,1.5,1,0,20,0.7,-0.31
3857275,30/11/2022,France,away_team,Tunisia,63.9,661,564,85.3,146,157,36,15,3,20,6,1,3,1,0.31,0.051,7,94,24,0,12,58,17,19,0.3,16,42,8,0,0,2,3,1,0,-0.73,0.27,-0.73,0,2,0,0,0,3.3,0,1,0,-0.31,0.7
3857274,25/11/2022,Netherlands,home_team,Ecuador,50.2,552,457,82.8,125,81,19,3,0,0,2,1,0,1,0.1,0.052,1,135,23,0,5,35,25,24,0.43,13.3,49,16,0,0,2,2,0,1,0.06,0.06,0.06,0,0,0,0,0,1.4,1,0,50,0.9,-0.43
3857274,25/11/2022,Ecuador,away_team,Netherlands,49.8,463,359,77.5,94,82,34,12,6,50,9,2,4,1,0.43,0.047,8,170,45,0,15,56,20,18,0.1,16.5,45,13,0,0,0,1,1,0,-0.94,0.06,-0.94,0,2,0,0,0,2.6,0,1,0,-0.43,0.9
3857273,25/11/2022,Wales,home_team,Iran,63.2,559,438,78.4,133,130,27,13,5,38.5,5,2,1,2,0.42,0.085,7,90,36,0,10,63,26,35,1.04,37.8,26,9,0,0,3,4,1,0,-0.71,0.29,-0.71,1,2,0,0,0,0,0,1,0,-0.42,-0.04
3857273,25/11/2022,Iran,away_team,Wales,36.8,363,227,62.5,88,99,38,19,2,10.5,15,4,8,1,1.04,0.069,12,161,36,0,15,57,20,16,0.42,12.4,44,10,1,0,2,2,0,1,0.15,0.15,0.15,0,2,0,0,0,3.8,1,0,6.7,-0.04,-0.42
3857272,25/11/2022,England,home_team,United States,56,582,500,85.9,144,126,30,10,3,30,6,3,0,3,0.31,0.052,6,103,29,0,7,29,21,20,0.44,10.7,19,11,0,0,1,1,0,1,0.02,0.02,0.02,0,0,0,0,0,1.8,0,0,0,-0.31,-0.44
3857272,25/11/2022,United States,away_team,England,44,456,377,82.7,105,95,37,8,4,50,8,1,3,3,0.44,0.055,9,157,20,0,4,38,23,16,0.31,8.3,36,16,0,0,3,3,0,1,0.14,0.14,0.14,0,0,0,0,0,1.7,0,0,0,-0.44,-0.31
3857271,21/11/2022,England,home_team,Iran,76.7,846,746,88.2,191,155,39,13,4,30.8,13,7,3,2,1.99,0.153,4,101,37,0,6,46,13,7,1.38,20.8,30,9,0,0,0,2,2,0,-1.15,0.85,-1.15,0,1,1,1,0,4.9,6,2,46.2,4.01,0.62
3857271,21/11/2022,Iran,away_team,England,23.3,247,163,66,49,46,16,9,2,22.2,6,2,0,3,1.38,0.23,5,141,28,0,21,38,17,21,1.99,13.5,25,21,0,0,1,7,6,0,-4.52,1.48,-4.52,0,2,0,0,0,0,2,6,33.3,0.62,4.01
3857268,23/11/2022,Belgium,home_team,Canada,49.9,534,451,84.5,121,51,17,5,4,80,7,2,2,3,0.64,0.091,7,83,11,0,9,39,31,30,1.44,10.8,29,11,0,0,2,2,0,1,0.11,0.11,0.11,0,5,0,0,0,1.9,1,0,14.3,0.36,-1.44
3857268,23/11/2022,Canada,away_team,Belgium,50.1,480,401,83.5,126,127,33,16,9,56.2,18,2,7,9,1.44,0.08,18,112,36,0,12,50,17,10,0.64,12.5,22,15,0,0,1,2,1,0,-0.73,0.27,-0.73,0,0,0,0,0,3.2,0,1,0,-1.44,0.36
3857265,22/11/2022,Mexico,home_team,Poland,58.4,544,437,80.3,130,127,39,21,6,28.6,11,4,3,4,0.53,0.048,9,96,25,0,8,49,18,21,0.25,19.8,43,14,0,0,1,1,0,1,0.05,0.05,0.05,0,0,0,0,0,1.8,0,0,0,-0.53,-0.25
3857265,22/11/2022,Poland,away_team,Mexico,41.6,362,259,71.5,73,83,23,3,0,0,4,1,1,1,0.25,0.063,4,135,20,0,8,49,27,28,0.53,18.5,31,15,0,0,4,4,0,1,0.14,0.14,0.14,0,1,0,0,0,3,0,0,0,-0.25,-0.53
3857262,02/12/2022,South Korea,home_team,Portugal,38.9,388,309,79.6,90,87,18,7,2,28.6,12,6,4,2,1.4,0.117,6,111,24,0,7,47,16,29,0.65,14.4,23,9,1,0,4,5,1,0,-0.53,0.47,-0.53,0,2,0,0,0,1.7,2,1,16.7,0.6,0.35
3857262,02/12/2022,Portugal,away_team,South Korea,61.1,619,534,86.3,132,149,29,15,5,33.3,11,5,4,2,0.65,0.059,7,83,26,0,6,43,15,19,1.4,18.1,35,10,0,0,4,6,2,0,-0.75,1.25,-0.75,0,7,1,1,0,6.7,1,2,9.1,0.35,0.6
3857261,29/11/2022,Wales,home_team,England,33.9,351,274,78.1,70,48,16,4,1,25,7,1,3,3,0.21,0.03,5,136,28,0,4,25,22,14,1.78,6.6,34,19,0,0,2,5,3,0,-1.99,1.01,-1.99,0,0,0,0,0,3.1,0,3,0,-0.21,1.22
3857261,29/11/2022,England,away_team,Wales,66.1,630,553,87.8,129,149,40,8,3,37.5,13,5,3,4,1.78,0.137,10,74,26,0,9,35,13,9,0.21,12.2,20,11,0,0,1,1,0,1,0.01,0.01,0.01,0,0,0,0,0,2,3,0,23.1,1.22,-0.21
3857255,01/12/2022,Japan,home_team,Spain,16.5,253,177,70,61,42,14,5,2,40,6,3,1,2,1.16,0.193,3,229,37,0,14,23,26,22,0.83,7,27,11,0,0,3,4,1,0,-0.38,0.62,-0.38,0,6,0,0,0,1.6,2,1,33.3,0.84,0.17
3857255,01/12/2022,Spain,away_team,Japan,83.5,1093,993,90.9,195,287,47,13,2,15.4,10,4,4,2,0.83,0.083,8,89,29,0,9,56,8,4,1.16,29.2,28,8,0,0,1,3,2,0,-1.05,0.95,-1.05,0,1,0,0,0,7.8,1,2,10,0.17,0.84
3857254,22/11/2022,Denmark,home_team,Tunisia,59.9,646,544,84.2,161,150,52,12,4,33.3,5,3,0,1,0.4,0.08,9,109,37,0,10,44,23,20,0.14,14.7,30,13,0,0,0,0,0,1,0,0,0,0,2,0,0,0,1.8,0,0,0,-0.4,-0.14
3857254,22/11/2022,Tunisia,away_team,Denmark,40.1,417,315,75.5,90,50,21,3,1,33.3,5,0,4,1,0.14,0.027,8,130,19,0,12,51,20,33,0.4,13.1,46,10,0,0,3,3,0,1,0.12,0.12,0.12,0,2,0,0,0,1.3,0,0,0,-0.14,-0.4
